split,p50,p75,p90,p95,p97,p99,max,mean,std
train,47.0,67.0,91.60000000000036,112.0,126.0,153.26000000000022,956.0,53.98232835820895,31.705950069389633
dev,46.0,64.0,89.0,108.0,121.0,150.07000000000016,337.0,52.634192932187204,28.690005645984066
test,47.0,65.0,90.0,111.0,127.06999999999971,159.0,406.0,53.59994780793319,30.09559282887948
