split,y,count,mean,std,min,50%,90%,95%,max
dev,0,1895.0,51.98575197889182,28.351994535503117,2.0,46.0,88.0,106.29999999999995,337.0
dev,1,199.0,58.80904522613066,31.201264520362976,13.0,50.0,95.40000000000003,111.29999999999993,184.0
train,0,7581.0,53.5211713494262,31.27221079184869,3.0,47.0,91.0,111.0,956.0
train,1,794.0,58.385390428211586,35.31944065858087,9.0,52.0,98.0,122.69999999999982,536.0
