mean_p,frac_pos,n
0.075334884,0.026857142857142857,1750
0.14368163,0.21153846153846154,52
0.2596716,0.22857142857142856,70
0.33501804,0.3333333333333333,18
0.45592806,0.23684210526315788,38
0.5579125,0.7647058823529411,17
0.65716684,0.4411764705882353,34
0.75900215,0.4,15
0.8647194,0.7619047619047619,42
0.9876347,0.7586206896551724,58
