len_bucket,n,pos,precision_pos,recall_pos,f1_pos,fp,fn
"(0.999, 27.0]",430.0,28.0,0.6363636363636364,0.75,0.6885245901639345,12.0,7.0
"(27.0, 37.0]",443.0,36.0,0.5405405405405406,0.5555555555555556,0.547945205479452,17.0,16.0
"(37.0, 47.0]",404.0,39.0,0.6590909090909091,0.7435897435897436,0.6987951807228915,15.0,10.0
"(47.0, 65.0]",413.0,40.0,0.6206896551724138,0.45,0.5217391304347826,11.0,22.0
"(65.0, 272.0]",404.0,56.0,0.6170212765957447,0.5178571428571429,0.5631067961165048,18.0,27.0
