label,n,pos,precision_pos,recall_pos,f1_pos,fp,fn
0,1704.0,0.0,0.0,0.0,0.0,44.0,0.0
1,191.0,0.0,0.0,0.0,0.0,29.0,0.0
2,18.0,18.0,1.0,0.16666666666666666,0.2857142857142857,0.0,15.0
3,89.0,89.0,1.0,0.4943820224719101,0.6616541353383459,0.0,45.0
4,92.0,92.0,1.0,0.7608695652173914,0.8641975308641976,0.0,22.0
